Date,Terminal,Product,TGP_Excluding_GST,GST,TGP_Including_GST
6/10/2026,Hastings,ULP,210.09,21.01,231.10
6/10/2026,Hastings,E10,209.87,20.99,230.86
6/10/2026,Hastings,P95,225.59,22.56,248.15
6/10/2026,Hastings,P98,232.11,23.21,255.32
6/10/2026,Hastings,DIS,237.01,23.70,260.72
6/10/2026,Hastings,PREDIS,239.01,23.90,262.92
6/10/2026,Yarraville,ULP,214.00,21.40,235.40
6/10/2026,Yarraville,E10,210.42,21.04,231.46
6/10/2026,Yarraville,P95,226.05,22.60,248.65
6/10/2026,Yarraville,P98,232.56,23.26,255.82
6/10/2026,Yarraville,DIS,237.69,23.77,261.45
6/10/2026,Yarraville,PREDIS,239.69,23.97,263.65
6/10/2026,Sydney,ULP,214.46,21.45,235.91
6/10/2026,Sydney,E10,208.55,20.86,229.41
6/10/2026,Sydney,P95,225.59,22.56,248.15
6/10/2026,Sydney,P98,238.56,23.86,262.42
6/10/2026,Sydney,DIS,237.49,23.75,261.24
6/10/2026,Sydney,PREDIS,239.49,23.95,263.44
6/10/2026,Brisbane,ULP,216.34,21.63,237.97
6/10/2026,Brisbane,E10,212.73,21.27,234.00
6/10/2026,Brisbane,P95,229.06,22.91,251.97
6/10/2026,Brisbane,P98,242.12,24.21,266.33
6/10/2026,Brisbane,DIS,241.95,24.20,266.15
6/10/2026,Brisbane,PREDIS,243.95,24.40,268.35
6/10/2026,Brisbane,B5,245.60,24.56,270.16
6/10/2026,Gladstone,ULP,216.58,21.66,238.24
6/10/2026,Gladstone,E10,210.73,21.07,231.80
6/10/2026,Gladstone,P95,221.13,22.11,243.24
6/10/2026,Gladstone,P98,,,
6/10/2026,Gladstone,DIS,234.31,23.43,257.74
6/10/2026,Gladstone,PREDIS,236.31,23.63,259.94
6/10/2026,Mackay,ULP,216.12,21.61,237.74
6/10/2026,Mackay,E10,212.82,21.28,234.10
6/10/2026,Mackay,P95,221.40,22.14,243.54
6/10/2026,Mackay,P98,224.32,22.43,246.75
6/10/2026,Mackay,DIS,235.07,23.51,258.58
6/10/2026,Mackay,PREDIS,237.07,23.71,260.78
6/10/2026,Townsville,ULP,216.14,21.61,237.76
6/10/2026,Townsville,E10,217.14,21.71,238.86
6/10/2026,Townsville,P95,229.81,22.98,252.79
6/10/2026,Townsville,P98,247.11,24.71,271.82
6/10/2026,Townsville,DIS,237.13,23.71,260.85
6/10/2026,Townsville,PREDIS,239.13,23.91,263.05
6/10/2026,Cairns,ULP,214.68,21.47,236.15
6/10/2026,Cairns,E10,219.93,21.99,241.93
6/10/2026,Cairns,P95,226.22,22.62,248.84
6/10/2026,Cairns,P98,,,
6/10/2026,Cairns,DIS,235.30,23.53,258.83
6/10/2026,Cairns,PREDIS,237.30,23.73,261.03
6/10/2026,Port Alma,DIS,234.31,23.43,257.74
6/10/2026,Adelaide,ULP,206.21,20.62,226.83
6/10/2026,Adelaide,E10,202.25,20.22,222.47
6/10/2026,Adelaide,P95,217.98,21.80,239.78
6/10/2026,Adelaide,P98,231.54,23.15,254.69
6/10/2026,Adelaide,DIS,229.56,22.96,252.52
6/10/2026,Adelaide,PREDIS,231.56,23.16,254.72
6/10/2026,Perth,ULP,208.82,20.88,229.70
6/10/2026,Perth,E10,,,
6/10/2026,Perth,P95,221.95,22.19,244.14
6/10/2026,Perth,P98,235.89,23.59,259.48
6/10/2026,Perth,DIS,229.50,22.95,252.45
6/10/2026,Perth,PREDIS,231.50,23.15,254.65
6/10/2026,Darwin,ULP,211.50,21.15,232.65
6/10/2026,Darwin,E10,,,
6/10/2026,Darwin,P95,223.70,22.37,246.07
6/10/2026,Darwin,P98,,,
6/10/2026,Darwin,DIS,232.13,23.21,255.34
6/10/2026,Darwin,PREDIS,234.13,23.41,257.54
6/10/2026,Bell Bay,ULP,215.25,21.52,236.77
6/10/2026,Bell Bay,E10,216.74,21.67,238.41
6/10/2026,Bell Bay,P95,226.77,22.68,249.45
6/10/2026,Bell Bay,P98,229.63,22.96,252.59
6/10/2026,Bell Bay,DIS,242.48,24.25,266.73
6/10/2026,Bell Bay,PREDIS,244.48,24.45,268.93
6/10/2026,Broome,ULP,258.91,25.89,284.80
6/10/2026,Broome,E10,,,
6/10/2026,Broome,P95,271.15,27.12,298.27
6/10/2026,Broome,P98,,,
6/10/2026,Broome,DIS,244.72,24.47,269.19
